[{"@type":"connection","id":"@1","name":"EDC_Hermes","runtimeEnvironmentId":"@9tRjSpaCwjtge0qPAHTkcc","instanceDisplayName":"Oracle","host":"ec2eicemea.infacloud.eu","database":"XE","codepage":"UTF-8","adjustedJdbcHostName":"ec2eicemea.infacloud.eu","type":"Oracle","port":1521,"password":"********","username":"hermes","majorUpdateTime":"2020-04-15T11:53:23.000Z","timeout":60,"connParams":{"agentId":"0100HB08000000000003","CryptoProtocolVersion":"TLSv1","agentGroupId":"0100HB25000000000003","encryptionMethod":"NoEncryption","orgId":"0100HB","ValidateServerCertificate":"False"},"internal":false,"federatedId":"aJtumJHnOShcYGZXe88P0i","retryNetworkError":false}]