[{"@type":"connection","id":"@1","name":"Flat_File_VM_CAP_Serveur_POC","description":"Acces Serveur","runtimeEnvironmentId":"@7cxQxpVgxMEhtacWkmSt8D","instanceDisplayName":"CSVFile","dateFormat":"MM/dd/yyyy HH:mm:ss","database":"/appli/infa/Source","codepage":"ISO-8859-15","shortDescription":"Acces Serveur","type":"CSVFile","port":0,"majorUpdateTime":"2021-03-23T05:56:08.000Z","timeout":60,"connParams":{"agentId":"010UW108000000000002","agentGroupId":"010UW125000000000002","orgId":"010UW1"},"internal":false,"federatedId":"aC4LVIxmREdgddfGNBx8eR","retryNetworkError":false}]