[{"@type":"mappingTemplate","id":"@1","name":"Mapping2","description":"","bundleVersion":"0","templateId":"@3","deployTime":1617800675000,"hasParameters":true,"valid":true,"fixedConnection":true,"hasParametersDeployed":true,"fixedConnectionDeployed":true,"tasks":1,"mappingPreviewFileRecordId":"@2","documentType":"MAPPING","references":[{"@type":"reference","refObjectId":"@aC4LVIxmREdgddfGNBx8eR","refType":"connection"},{"@type":"reference","refObjectId":"@cnq8tvZywcjccj8Eq2XsgN","refType":"connection"},{"@type":"reference","refObjectId":"@8RyeobxGpJwhVkzBZugJ80","refType":"hschema"}]}]